algorithm,avg_waiting,avg_turnaround,avg_response,cpu_util,throughput,fairness,context_switches,total_time
FCFS,1379.5500000000002,1533.5400000000002,1379.5500000000002,100.0,6.493928177154361,0.8557052313936803,0,15399.0
Priority Non-Preemptive,1397.25,1551.24,1397.25,100.0,6.493928177154361,0.47959054831272147,0,15399.0
Round Robin,1959.26,2113.25,1264.4000000000003,100.0,6.493928177154361,0.809586285818621,54,15399.0
